{
    "keyboard_name": "li60",
    "manufacturer": "qmkbuilder",
    "maintainer": "Li2CO3",
    "url": "https://github.com/Li2CO3ICU/qmk_firmware",
    "maintainer_email": "example@example.com",
    "keyboard_type": "custom",
    "layouts": {
        "LAYOUT": [
            ["K000","K001","K002","K003","K004","K005","K006","K007","K008","K009","K010","K011","K012","K013"],
            ["K100","K101","K102","K103","K104","K105","K106","K107","K108","K109","K110","K111","K112","K113"],
            ["K200","K201","K202","K203","K204","K205","K206","K207","K208","K209","K210","K211","KC_NO","K213"],
            ["K300","K301","K302","K303","K304","K305","K306","K307","K308","K309","K310","KC_NO","KC_NO","K313"],
            ["K400","K401","KC_NO","K403","KC_NO","K405","KC_NO","K407","KC_NO","K409","K410","KC_NO","KC_NO","KC_NO"]
        ]
    }
}
